line_number	field_count	reason	raw_preview
2113	16	16_fields_missing_information	-6.6000   34.3000 -.8351325989     -.2778348923      277.2294922     0.9627947360      2.840205193     -.9920024872     -.1984863281     -.6799249649 
2726	16	16_fields_missing_information	-5.9000   35.7250 -2.748641968     -2.185529709      282.6208496     0.9615488648     -3.691471100     -1.815706253     -2.400039673     0.7792625427 
4357	16	16_fields_missing_information	-6.0500   34.2250 -1.609692574     -1.668593407      289.3071289     0.5173039436     -6.167230606     -1.145949364     -7.100290298     -.5644769669 
5817	16	16_fields_missing_information	-10.0500   29.0000 -.5776185989      1.559943199      290.3203125     0.2398019880     -7.754884720     -2.974655151     -3.164642334      4.014923096
6044	16	16_fields_missing_information	-7.5750   33.3500 0.2278757095     -.2459259033      283.6538086     0.8561853163      1.615693092     -10.13885498     -.7467193604     -1.591003418 
7513	16	16_fields_missing_information	-17.5000   31.9250 -3.796563148     -.7108945847      291.8176270     0.5944668055     -2.200682640     -1.089459419     -4.139099121     -.1407012939
7537	16	16_fields_missing_information	-11.1500   28.4500 -1.473565102      1.265403748      288.3581543     0.3577571511     0.5060539246     0.5550870895     -9.382553101      7.103715897
7752	16	16_fields_missing_information	-4.4000   31.9250  1.291069031     -.2631788254      274.6447754     0.4771196842      2.237114906     -.9396362305E-01  1.131737709     -.8758163452E
9655	16	16_fields_missing_information	-5.5250   33.8750 -.1412000656      1.205712318      281.2668457     0.7343347073      5.012921333      3.602063179     0.1660671234     -.9277877808 
10280	16	16_fields_missing_information	-7.6500   33.5500 0.4661350250      3.715668678      281.8767090     0.8330590129      2.499818802     -7.171661377      4.504955292     -.4397430420 
13011	16	16_fields_missing_information	-15.8500   23.7000 -3.805278778     -.5938262939      286.5460968     0.8042566180      7.352452278     -6.399466515     -6.790159225     -2.468413353
15656	1	unexpected_field_count_1	2612
20380	16	16_fields_missing_information	-6.0500   34.2250  1.227871895      2.388365746      282.1088867     0.9979329705      5.940674782      4.402600288     0.7122325897     0.4471282959 
22146	1	unexpected_field_count_1	0523
22867	16	16_fields_missing_information	-13.2000   27.1500 -5.213456154     -.5617055893      285.3085938     0.9514663070     -3.399194717      1.285678864     -3.017761230     -.8375473022
23476	16	16_fields_missing_information	-2.9000   35.1500  1.503018379      1.217089653      283.9926758     0.8966543078      4.556392670     0.1793832779      2.593956947     -1.400674820 
25735	16	16_fields_missing_information	-7.5750   33.3500 -1.191340446     -3.643377304      286.9960938     0.9065540060     0.6026592255     -.8395528793     -2.131405830     -3.662066460 
30878	16	16_fields_missing_information	-9.7750   31.5000 -2.565526962     -1.911605835      284.6216125     0.9183307290     -3.608475685     -8.043151855     -5.676528931     -6.479415894 
31574	16	16_fields_missing_information	-13.2000   27.1500 -2.906570435     -3.935562134      286.6127930     0.9516978264     -3.246658325      4.538253784     -8.279708862     -11.18273926
33809	1	unexpected_field_count_1	2416
34371	1	unexpected_field_count_1	2514
36672	16	16_fields_missing_information	-11.1500   28.4500 -.2017889023     -8.626316071      291.2849121     0.6576668620     -3.944747925     -14.23767090     -.8648681641     -12.20892334
37311	16	16_fields_missing_information	-9.5500   30.3750 -1.065858841     -.1399688721      283.3240204     0.9967942834     -1.253845215     -7.244125366     -.9966430664     -1.046096802 
37733	16	16_fields_missing_information	-8.0250   31.6000  1.895690918      1.799224854      282.1215515     0.7701393366     -1.314014435     0.6380653381      3.279617310     0.7964935303 
39129	16	16_fields_missing_information	-13.2000   27.1500 -3.909922600     -2.034973145      293.5009766     0.6056427956     -2.715637207     0.8311710358     -6.913085938     -2.645283699
42892	16	16_fields_missing_information	-6.9000   30.9250 0.7201614380     0.9776020050E-01  275.7078705     0.5640643835     -8.212249756     -2.451721191     0.9251556396     0.1809844971 
45317	16	16_fields_missing_information	-9.4000   30.3250 -.5094528198E-01  3.890581131      287.7871094     0.9080070853     -8.249670029      2.333003044     0.6581878662      2.753433228 
48543	16	16_fields_missing_information	-9.4000   30.3250  4.609420776     0.7822990417E-02  294.3020020     0.6106349826      2.580993652      8.750382423     0.1145629883     -.8964328766 
49975	16	16_fields_missing_information	-13.2000   27.1500  1.110376358     -5.612533569      291.7009277     0.5335843563     0.6538333893     -6.948715210     0.9100799561     -7.129043579
52729	16	16_fields_missing_information	-1.9500   32.5500  2.192609787     -1.438818932      275.4018555     0.7028228641      6.297502518     -4.760177612      1.837029457     -1.178359985 
56888	16	16_fields_missing_information	-8.0250   31.6000 -.6806278229E-01 -2.243579865      298.9067383     0.3292346597     0.9569168091E-02 -1.770895958     -.1971759796     -2.807388306 
57388	16	16_fields_missing_information	-8.0250   31.6000 -1.208920479     -4.680030823      299.1142578     0.1494612694     -1.632763863     -2.910298347     -1.277420044     -4.893551826 
59733	16	16_fields_missing_information	-5.9000   35.7250  4.317060471     0.9100284576      289.0751953     0.7602079511      7.771965027      2.740369797      5.963068008     0.2099485397 
62393	16	16_fields_missing_information	-7.5750   33.3500  5.553594589      1.938873291      297.2416992     0.2802531645      5.972870827      4.126369476      6.479352951      3.308590889 
68320	16	16_fields_missing_information	-5.9000   20.5000  1.315289497     -2.639803886      298.3142090     0.1500398517      5.179192543     0.3427944183      3.221575737     -10.26861572 
68645	16	16_fields_missing_information	-10.0500   29.0000  5.051110268     -5.197977066      294.0175781     0.5634322874      1.251303673     -9.239057541      5.610924721     -6.895187378
76904	1	unexpected_field_count_1	2221
84674	16	16_fields_missing_information	-2.9000   35.1500 -3.151527405     -4.365880966      297.1303711     0.5876335017      2.055706978      5.919897079     -2.671054840     -2.140798569 
84987	16	16_fields_missing_information	-5.1500   33.5000 -1.284445763     -3.338256836      293.0175781     0.4478622526     -1.023352623     -2.571960449     -1.124343872     -2.803787231 
97862	16	16_fields_missing_information	-6.9000   20.5000 -2.071249962     -7.761368752      313.6289062     0.8960042149E-01 -6.688310623     -11.09667397     -2.779108047     -10.11450195 
98719	16	16_fields_missing_information	-6.9000   30.9250 0.3656129837      2.647205353      302.0539551     0.1451617368      1.397613525      7.354995728     0.3216552734      2.332885742 
100939	16	16_fields_missing_information	-7.5750   33.3500  1.868922234     -7.022064209      298.0249023     0.5386477932     0.9838590622     -.9155426025      1.480377197     -7.501266479 
105555	1	unexpected_field_count_1	0400
110500	16	16_fields_missing_information	-6.7500   34.0500  1.206098557     -.6612854004      291.4262695     0.7002514601      5.467318535     -3.476394653      1.516837120     -1.399490356 
112328	16	16_fields_missing_information	-2.9500   35.2750 0.5317974091     0.4086303711      290.7592773     0.8354879618      2.134813309     0.5880889893      4.991761208     -3.780288696 
112424	16	16_fields_missing_information	-17.5000   31.9250 -7.513435364     -3.753189087      293.0632324     0.7368763685     -2.440934181     -5.805099487     -7.778503418     -4.241256714
113514	16	16_fields_missing_information	-5.1500   33.5000 0.5768213272     0.5639953613      288.0546875     0.6358445771     0.3933925629     0.2844152451     0.5649108887     0.3793029785 
115178	16	16_fields_missing_information	-6.4000   32.3500 -.2848005295     -1.143020630      308.9299316     0.2327975817      1.141309738     -.4711942673     -.4526672363     -1.340774536 
115982	16	16_fields_missing_information	-8.0250   31.6000  2.689849854     -4.153518677      308.3669434     0.2538256794      2.525100708     -2.326324463      3.006484985     -4.512527466 
118490	16	16_fields_missing_information	-15.8500   23.7000 -2.143920898     -9.894642830      292.4208984     0.8955304660     0.9390068054E-01  1.715528488     -7.161285400     -9.858840942
120083	16	16_fields_missing_information	-6.0500   34.2250  5.550018311     -6.921262741      316.1376953     0.2021670602      1.115066528     -3.259252548      3.416519165     -6.932217598 
123258	16	16_fields_missing_information	-13.2000   27.1500 -3.444933891     -3.591480255      296.5905762     0.7471911311      1.007431030     -1.075078011     -.9663085938     -8.037914276
125058	16	16_fields_missing_information	-17.5000   31.6000  1.058380127     -2.456054688      297.2827148     0.8763150424      1.126525879     0.9604930878E-01 -.2812652588     -2.864959717
132580	16	16_fields_missing_information	-13.2000   27.1500 -3.649424553     -6.170104980      293.5529785     0.8622723818     -5.388778687     -1.713560104     -9.233001709     -12.64410400
133768	16	16_fields_missing_information	-9.7750   31.5000 -3.308817863     -8.487625122      290.9208984     0.9901146293     -9.517006874     -8.497049332     -15.04792786     -8.676986694 
134619	16	16_fields_missing_information	-9.5500   30.3750 -3.915182114      2.708114624      292.4699707     0.8885935098     -1.026153564     -4.724720955     -.7136993408     -2.574783325 
140676	16	16_fields_missing_information	-13.2000   27.1500 -2.777579308     -7.574172974      294.5673828     0.8255469799      1.262298584     -11.84504700     -5.237945557     -13.02693176
141481	16	16_fields_missing_information	-5.9000   35.7250  2.126046181     0.5875978470      297.2316895     0.8191155791     -5.538024902     -2.129837036     -5.046966553      1.699218750 
143742	16	16_fields_missing_information	-2.9000   35.1500 -1.030653000     0.7577562332      295.5393066     0.8431562781     -8.188232422     -.6964874268E-01 -7.004226685     -1.303005219 
144602	16	16_fields_missing_information	-9.5500   30.3750 -.4784755707      1.297011375      293.8347168     0.9032669067      1.690597534     -5.303668976     -2.389297485      1.147491455 
145283	16	16_fields_missing_information	-10.0500   29.0000  4.174224854     0.5731506348      303.2304688     0.4733755589      10.53587627      7.320755005      3.979003906     -.8309936523
145388	16	16_fields_missing_information	-6.6000   34.3000  4.899337769     0.6739044189      296.2390137     0.8381650448      2.292495728      1.305206299     -.3670654297     -3.721267700 
152746	16	16_fields_missing_information	-4.4000   31.9250 -.3517580032     0.5498991013      301.8444824     0.2465054393     -4.117020607     -.7407932281     -.2706451416     0.6093597412 
154089	16	16_fields_missing_information	-6.6000   34.3000  3.049728394     -4.612503052      296.4807129     0.7313620448      4.431177139      1.381271362      2.976867676     -3.098022461 
156519	16	16_fields_missing_information	-7.6500   33.5500 -1.621297836     -4.307915688      300.3432617     0.5630879849     -2.913094521     -7.832794189     -6.912490845     -6.279135704 
166721	16	16_fields_missing_information	-6.9000   30.9250 -.4104652405      1.520429611      290.5607910     0.8876417279      2.936941147     -.4677991867     -.4016418457      1.392519951 
169954	16	16_fields_missing_information	-15.8500   23.7000 -4.766205788     -8.678573608      294.9365234     0.9079594016     -5.895086288     -3.945052147     -9.836425781     -6.769088745
170183	16	16_fields_missing_information	-10.0500   29.0000  2.576034546     -.3133563995      297.4526367     0.5973315425      7.618573189      8.457708359      2.246887207     0.1563005447
170205	16	16_fields_missing_information	-7.5750   33.3500 -.2995748520     -2.562662125      289.4116211     0.7075523734      1.821844101     -7.720031738     -.9347209930     -6.651138306 
170213	16	16_fields_missing_information	-6.0500   34.2250 -1.353724480      1.442169189      296.1374512     0.7610597014     -8.279891968     -5.869293213     -1.499618530     -3.767684937 
170238	16	16_fields_missing_information	-5.1500   33.5000  2.801097870     -.7148742676E-01  279.1599121     0.6325857043      2.358473778     0.3659057617E-01  2.433532715     0.8544921875E
170389	16	16_fields_missing_information	-6.9000   30.9250 -1.623293877      1.846426964      290.8359375     0.2507372499     -3.378100395      5.252841949     -1.379724503      1.660678864 
170410	16	16_fields_missing_information	-1.9500   32.5500 0.2045726776E-01 -3.742553711      279.2619629     0.9654003531      2.121128082     -6.493270874     0.1718997955E-01 -3.666046143 
170477	16	16_fields_missing_information	-4.4000   31.9250  1.052691460      1.836810112      298.9165039     0.1089168787      1.533047676      2.265660286      1.108230591      1.831473351 
170616	16	16_fields_missing_information	-13.2000   27.1500 -.9174900055     -2.520095825      285.9497070     0.9692490101     -4.587249756     -9.064834595     -8.730590820     -12.53155518
170625	16	16_fields_missing_information	-9.4000   30.3250 -3.009879112     -1.183374405      285.9274902     0.6323243242     -3.732025146      2.759044647     -4.200592041     0.4703674316 
170678	16	16_fields_missing_information	-6.6000   34.3000 -.4451751709E-02 -2.926012993      291.0014648     0.7361824512     -3.583282471      1.347900391     -1.813400269     -1.669692993 
170898	16	16_fields_missing_information	-15.8500   23.7000 -.2984771729     -6.201751709      291.4213867     0.8246474266     0.5689306259     -10.12075806     -1.303361893     -13.86442566
172395	16	16_fields_missing_information	-15.8500   23.7000 -4.564603806     -3.326299667      294.2548828     0.7009201646     -5.244491577      3.528129578     -9.838714600      4.356532097
173272	16	16_fields_missing_information	-10.0500   29.0000  6.341229439     0.5948638916      297.0664062     0.5835983008     -4.225307465      1.230322838      7.244024277     0.8346557617
177161	16	16_fields_missing_information	-1.9500   32.5500 -1.947095871     -2.968983650      288.0004883     0.5357930064     -4.362213135     -6.659609795     -1.691238403     -2.545497894 
177692	16	16_fields_missing_information	-6.9000   30.9250 -.7795257568      7.008218765      302.3857422     0.1602993049     -.3917741776      8.701802254     -.7788696289      6.795769691 
178816	16	16_fields_missing_information	-6.6000   34.3000  4.254840851     -1.271662712      294.6887207     0.5519318469      4.606750488      2.547729492      5.015567780     -.5430154800 
180753	1	unexpected_field_count_1	1613
187428	16	16_fields_missing_information	-10.0500   29.0000  2.963479042     -.3583765030      290.0329590     0.9086880684     0.5384521484     -7.670836449      3.287673950     -2.145950317
195469	16	16_fields_missing_information	-13.2000   27.1500 -2.446144104     -.9636058807      289.0312500     0.8828615360      2.372705460      1.366729736     -1.198150635      1.725341797
198390	16	16_fields_missing_information	-6.6000   34.3000 -.1786403656     0.4339170456      285.8041992     0.9770074487     -7.268905640      2.992317200     -3.490142822     -5.452849388 
202299	16	16_fields_missing_information	-9.7750   31.5000 -2.100109100     -6.254498482      288.2199707     0.8846100569     -1.494599342     0.3206329346     -6.790410995      1.005371094 
205755	16	16_fields_missing_information	-2.9500   35.2750  2.931619644     0.7732677460E-01  285.5541992     0.6475490332      4.633152008      3.212203979      7.216209412     -1.447006226 
208721	16	16_fields_missing_information	-6.7500   34.0500 -.4365234375      2.748950958      283.4323730     0.9999628663     -1.443496704      1.481231689     -1.392623901     -1.167663574 
211022	16	16_fields_missing_information	-3.8500   35.1750 0.7512950897E-01  1.068194389      286.5627441     0.9826564193     -5.187479019     -.2300109863      3.163967133      1.531289101 
212180	16	16_fields_missing_information	-13.2000   27.1500 -4.732801437     -4.395666122      297.7722168     0.4012287632     -7.970596313     -1.998367310     -6.386190414     -4.786621094
213485	16	16_fields_missing_information	-9.5500   30.3750  5.490770340     0.5990581512      288.0239258     0.8593993634     -.9742736816     0.7572021484      1.701904297     0.6617126465 
223089	1	unexpected_field_count_1	2309
226233	16	16_fields_missing_information	-2.9500   35.2750  4.422134399     0.6298036575      291.3420410     0.6951131821      7.284030914     -4.438877106      11.98236370     -2.249437332 
462134	16	16_fields_missing_information	-8.0250   31.6000 -.1934366226     -1.275151253      290.1181641     0.4603621960     -.7270002365     -.3343744278     -1.723693848     -.7520637512 
464343	16	16_fields_missing_information	-2.9000   35.1500  1.631668091     0.6499633789      285.2990723     0.9614354372      1.413814545     -.6199417114      1.578277588     -.6430473328 
481322	16	16_fields_missing_information	-7.6500   33.5500 -.7126770020     -.4425973892      282.6513672     0.9276364446     -1.759460449     -2.622625351     -7.611709595     -2.829998016 
493950	16	16_fields_missing_information	-13.2000   27.1500  5.831753731     -2.297157288      292.3674316     0.6215348244      4.701899529     -.7031402588      6.495330811     -2.814117432
513432	16	16_fields_missing_information	-6.4000   32.3500 -1.212082863     -3.271697998      302.8686523     0.1431138180     -1.358024597     -3.389941216     -1.436950684     -3.781539917 
517384	16	16_fields_missing_information	-8.0250   31.6000 -1.474162102     0.9837484360      289.4387207     0.7347877026     -4.675246239     -.9481792450     -3.675003052      2.867066383 
535446	16	16_fields_missing_information	-2.9000   35.1500 -.9444446564     0.2310180664E-01  290.4831543     0.9409376755     0.6462097168E-01 -4.062088013     0.3398132324     -2.370697021 
537962	16	16_fields_missing_information	-10.0500   29.0000  2.478397369      2.317123413      289.3847656     0.9458793104      4.419457436     -4.557662964      2.849990845      2.585235596
568396	16	16_fields_missing_information	-11.1500   28.4500 -.2706451416     -6.309020996      296.1547852     0.7896609642      1.229887009     -13.20071411     -1.690277100     -8.968353271
578328	16	16_fields_missing_information	-9.5500   30.3750 -1.455626488      2.739715576      303.0356445     0.4983044155      3.225743294     -2.195037842     -2.549713135     -2.512557983 
583171	16	16_fields_missing_information	-13.2000   27.1500 -.4182233810     -8.885131836      294.6958008     0.8360628486     -.3004932404E-01 -13.40275574     -2.411422729     -16.50457764
594953	16	16_fields_missing_information	-13.2000   27.1500 -2.264649391     -4.108901978      297.1108398     0.8262210488     -3.607498169     -7.055612564     -5.976638794     -12.08914185
608636	16	16_fields_missing_information	-3.8500   35.1750 0.4545879364     0.7939052582      294.3693848     0.5235949755     -1.895991325      1.544829369     -.7676973343     -.1805267334 
617127	16	16_fields_missing_information	-13.2000   27.1500 -6.474588394     -5.028591156      314.7167969     0.1561742015     -6.708745956     -.7772092819     -7.333786011     -4.042986870
640294	16	16_fields_missing_information	-13.2000   27.1500  2.906930923     -3.822992325      299.0646973     0.6266977191      4.140107155     -1.480117798      2.698163033     -2.931523323
652253	16	16_fields_missing_information	-13.2000   27.1500  2.891222954     -4.336826324      295.9555664     0.6407495737      10.44422436      7.308300018     -1.857116699     0.3896846771
660046	16	16_fields_missing_information	-1.9250   34.7750 -2.193771362     -2.355199814      286.7553711     0.6133692861     -6.474161148     -2.443969727     -3.045547485     -2.648788452 
663114	16	16_fields_missing_information	-10.1750   29.3500  2.116236687     -.5165586472      289.1945801     0.8210608289      5.362825394     -1.636238098     0.7913875580     -2.398194313
677509	16	16_fields_missing_information	-9.7750   31.5000 -3.863700867      2.301466942      283.6406250     0.8489883542      2.357282639     -9.657623291     -.5698652267     -3.303268433 
694560	16	16_fields_missing_information	-7.5750   33.3500 -1.705225945     -1.965753555      292.3510742     0.9008493423      5.297163963     -.5326080322     -4.215269089     -2.870223999 
707308	16	16_fields_missing_information	-13.2000   27.1500 -3.543880463     -8.306365967      305.6508789     0.4522126764     -4.256851196     0.4626827240     -5.637695312     -9.678771973
745040	16	16_fields_missing_information	-5.1500   33.5000 -1.111020088     -1.993743896      285.7214355     0.9954688549     -1.035576820     -1.542984009     -1.084256172     -1.673904419 
748082	16	16_fields_missing_information	-10.1750   29.3500 0.3688945770     -.1522350311      293.8881836     0.7433270849     -2.395233154      3.156984329     -2.709503174     -5.778099060
753702	16	16_fields_missing_information	-13.2000   27.1500 -.8182830811     -2.348327637      290.2041016     0.9904800653      2.536865234      2.221951485     -3.273880005     -7.947982788
765129	16	16_fields_missing_information	-9.7750   31.5000 -1.270029068     -4.405583382      293.7294922     0.7516066432      6.154090881      7.985109329     -.6294250488E-01 -.5685377121 
771393	16	16_fields_missing_information	-13.2000   27.1500 -.7482910156E-01 -.3835296631      294.0759277     0.9526338577      6.582489014     0.4156341553     0.9037628174     -6.233398438
777462	16	16_fields_missing_information	-1.9500   32.5500 0.8376884460E-01 -.8544921875E-02  300.1879883     0.1420665272     0.6417694092     0.2225952148     0.4146270752     -.5459594727E
782924	16	16_fields_missing_information	-15.8500   23.7000  1.563192368     -6.946906090      294.1994629     0.8186313249      4.493845940      1.524903297     -2.380480766     -6.089891434
787732	16	16_fields_missing_information	-13.2000   27.1500 -3.059034348     -6.860511780      291.6513672     0.7916280031     0.1878356934     -.2293395996     -6.142013550     -11.10154724
796951	16	16_fields_missing_information	-13.2000   27.1500 -3.937254906     -3.339551926      294.2536621     0.7685080841     -.2699232101     -5.202234268     -4.773147583     -4.088380814
800422	16	16_fields_missing_information	-13.2000   27.1500 -2.790084839     -5.274627686      290.1303711     0.8870528936     -6.596462250     -3.693403244     -8.524291992     -9.639139175
815318	16	16_fields_missing_information	-11.1500   28.4500 -.6340122223     -6.385077477      295.7961426     0.7495994307     0.1235685349     -1.754361153     -1.952423096     -7.567859650
924432	16	16_fields_missing_information	-8.0250   31.6000 -1.651635170      1.760252953      279.3137207     0.7696493268      2.836147308      2.351640701     -3.003677368     0.6880836487 
954616	16	16_fields_missing_information	-13.2000   27.1500 -3.161750793     -2.678592682      297.4538574     0.4742514156      1.362035751     -3.874617577     -5.218055725     -2.596950531
960502	16	16_fields_missing_information	-9.4000   30.3250 -1.317775726      1.526928902      283.7893066     0.9999960996     -4.205657005      1.367864609     -.1332330704     -.1243486404 
1012135	16	16_fields_missing_information	-13.2000   27.1500 0.1160964966     0.4625530243      291.8762207     0.9911592416      6.139134407     -.6746826172     0.5785713196     -1.802062988
1026302	16	16_fields_missing_information	-10.1750   29.3500 -.9776458740     -1.819259644      292.3288574     0.9470014572      6.763754845     -2.385462761     -4.000671387     -4.828140259
1033795	16	16_fields_missing_information	-13.2000   27.1500 -4.635406494     -7.850082397      300.2968750     0.5964275859     -4.108535767     -9.667510986     -13.73588562     -18.10577393
1043015	16	16_fields_missing_information	-13.2000   27.1500 -.8099508286     -9.089401245      300.8488770     0.5141498819     -1.769714355     -1.920171738     -2.955554962     -10.58503723
1053452	16	16_fields_missing_information	-8.0250   31.6000  1.791855812      1.508291245      299.3886719     0.5358685851     -5.066772461      1.781916618      4.194900513      1.475189209 
1066113	16	16_fields_missing_information	-2.9000   35.1500  1.726722717     0.5591316223      294.3845215     0.8171597533     -4.141662598      4.366807938      3.592494011     -1.700820923 
1092366	16	16_fields_missing_information	-13.2000   27.1500 -.9707212448     -3.562169075      297.7404785     0.6884019375     -1.391281128     -6.777103424     -6.885254860     -8.934356689
1094818	16	16_fields_missing_information	-4.4000   31.9250 0.1407995224     -.1804418564      298.5004883     0.3581049442     -.1296682358      2.121672630     0.1733093262     -.2921571732 
1104464	16	16_fields_missing_information	-7.5750   33.3500 -.4490203857      1.576124191      290.0322266     0.8159538507      3.267807961      1.704973221      1.565521240      2.039749146 
1118972	16	16_fields_missing_information	-5.9000   35.7250 -4.420334816     -1.320837975      283.2939453     0.7520425916     -.3569030762     -3.609302521     -11.02148438     0.6719713211 
1129654	16	16_fields_missing_information	-10.0500   29.0000 -5.916671753      2.647124290      297.2934570     0.2477876544     -9.687271118      3.139286995     -9.355850220      3.725005150
